company,account_number,contract_number,email
Schneider-Kemmer,23441309,9149,kieran.renner@walsh.com
"Cartwright, Collins and Mraz",34160721,4984,qosinski@lubowitz.com
Wilkinson Ltd,37507319,6962,schuster.natalie@brekke.com
Bailey Group,31385913,7451,chase.boehm@dibbert.com
Dickens-Jakubowski,70863696,3035,ctromp@douglas.org
Cruickshank-Predovic,23600731,1371,ywest@powlowski.com
Ratke PLC,78136236,9730,goldner.brain@stroman.com
"Homenick, Gaylord and Rath",59993907,2311,gzieme@kulas.com
Russel-Kassulke,80472519,1087,gwisoky@brekke.com
"Collins, Kutch and Zulauf",24624615,4780,norwood76@stehr.com
"Koepp, Hoppe and Kuvalis",26568918,9035,leonel98@willms.net
Terry-Pfeffer,57457199,3214,emmerich.stewart@larson.org
Ryan Group,91168444,1959,grutherford@moore.com
Hills Group,70920782,5077,gaylord.charley@wolff.net
O'Kon Ltd,63957257,7777,alessia80@olson.org
"Schowalter, Emmerich and Blanda",32778152,2015,domingo.walsh@mcclure.com
Dicki-Bashirian,29876112,6820,devante29@walter.com
Okuneva-Pagac,61501302,3834,marvin.ricardo@effertz.biz
"Dicki, Sauer and Bosco",60089984,8421,vmurphy@grimes.com
Dickinson PLC,22495007,1629,helmer39@tillman.com
